id,senha
6002,DC39B3B7
4524,0ABC751A
2878,BA43C984
1559,31273D52
4603,AF463000
2624,9EFEEFC1
9733,C3F9388A
4605,69F69664
3532,1AD99E93
8426,9667F515
5179,706E0856
6326,FB3885F7
4886,C305E70B
3582,E3DF6F4C
4632,869F5DE4
7944,0666B071
1024,68B80D51
8633,15F50F8F
1132,4228393D
1189,F7655DF2
2436,0BDB1FBD
4573,80EC7CBA
3695,DD8C97DF
2487,E5D76F05
523,FE5C5F91
2638,2C8BD1CC
800,D7FE2D6F
5982,8BF0CC06
8250,49B916C1
5885,76C97F37
3308,CD9E6242
2917,2FF6C79D
512,F672D2A0
6637,25DF6B1C
6285,6250D61F
325,FA6BF2D1
1362,F48DB7F4
2628,C1DE877C
2955,0BA1552B
5601,32DB626F
4842,0BD8A56B
6775,B521CE4B
4577,E3D3991C
7298,EBCDD2F5
7611,1C29CF27
8934,21745F8B
6907,9828BF87
404,F91B8E61
8801,6B88E034
7002,883466FC
5214,7BB4EB3C
3252,AEF3B9A9
8682,1C6F8516
3386,14CE154A
7358,F6B0848F
6712,C38E297F
2621,8DAC1062
5778,92BB9142
7777,399184B9
6101,D5C5F2DE
6420,DE1AFBDB
4044,536DB14F
5694,253E66A8
8092,54AB2CEE
5573,03741F6B
9211,D3848245
2134,982AB536
899,16357948
3784,CB5956CB
9998,C5B897B8
3752,BD4798B1
9370,F678E782
8222,8FD49D7B
5979,9D25B3BE
8307,08930A5F
6448,75CED5E6
7716,311F1E4B
8699,E3ADF45B
4460,99C95F84
3778,06ECA48A
6428,42E4C1EB
9902,44DCDE9F
1400,CA0CC4E3
7154,03BBB2D7
9683,8EEAB91A
5824,1803FC2E
6542,88FCA237
4582,6CFD2E1D
7206,EE9F428B
61,C8F9C044
1782,61DA2547
7326,EEE7516D
659,97E04440
2941,CFAFF4EF
7649,B2DF107B
8755,3953F71B
2618,329C31AB
6036,73FFB645
2039,E6C1E9A9
5999,A38B2E08
9876,BAE96309
5707,781D6EFF
4350,BC7B4CC2
3390,423BABC0
9666,929D6985
3344,415147F0
6065,B6CBA711
4743,5F4E1545
469,9EB03F75
3874,5D504458
4276,25DB1F3E
3795,51EF2FF1
9350,69999919
9022,53301095
4936,0888844B
3039,D78A28B2
3109,77D35DB0
4499,5E92C31C
9357,BF610EDE
4253,CFE47DDE
8160,137F090F
2336,80EC7B0F
2953,56B77C28
6329,74EC6EB9
4249,7941CFF6
3591,CF3E74F2
4616,EEC89842
755,DF80A858
6213,460FEB16
6824,24175B21
3357,522F874F
2867,1214B1D2
8835,127B9EA3
8022,602C03BD
4545,D720C2B9
6554,B5D5997C
8304,B4BE0D3E
8885,446C9932
855,2B056ED1
7451,D418CD30
3386,14CE154A
9149,841F4F1E
126,760C4E41
7807,35030949
6005,23DB4906
913,8AF5AF16
3406,3149D8B3
8286,B87C978D
1138,504E7382
1605,E1FED925
533,373C429A
3786,FB9BD5EE
3614,16E0A0F0
2740,296A246B
5211,E03A5366
286,EBDF8583
9810,90D4E415
4367,D5F1CFA5
2835,5FD24664
7283,C02BA265
9227,EA54B248
505,51E67224
3181,82BBE1B6
2443,716C6BB6
1199,0940B872
5414,C9C688A5
5267,EB5BA743
3386,575982F6
8181,C282DDC2
4632,869F5DE4
8512,5E2851C9
9061,8B7240BF
4252,E8360B53
1962,B69854B4
997,E6AD3072
7481,EF3E2502
5734,9C283DC0
3285,C9C98E1A
1951,156B92DA
2852,6405CC88
2479,EED6F558
6125,BD1FC669
2259,803B476E
7363,98F13FA4
7801,DA8D3197
3029,60AD18B3
2781,C74A4C8F
8567,37FF25B4
2496,2C19AAE6
4494,ABD6500F
6240,8D927A5B
3012,64EAF97C
1256,C1B2E55D
1847,78B2F823
9444,0EC79D2B
4781,04AA947B
3209,F181B9AC
8541,A01D2F98
9818,CD9DFF87
3127,14D939AE
5010,F327730E
1778,A22C6642
8746,313C9C62
8750,2BA46FF7
5075,CE06F6B3
8139,19ED0B60
842,9FB28D0A
4226,60D5D0B3
9149,841F4F1E
9380,73FFF57F
8820,411039FF
5626,9691A9C4
8716,CE3B48B6
5274,785729E5
3926,4D86ABD6
1833,FBC55024
3615,058F7BCF
795,2D54BCC9
3045,0503DB1C
8460,7789216D
9073,E246593E
9967,B9BBB284
3514,35610F95
9363,48B870B0
8045,65513B10
7160,D6993A2E
5147,9BB4F49B
9237,784B5AB5
6411,F12929AC
86,B1CAE93A
2400,0084B33C
7829,6CC0DC78
6020,4A0BA0CA
6298,37AE855E
7606,6A7B6437
1147,9CC827B0
9929,25915C4F
8285,D3DB5CE7
5852,3DC68C46
3658,3BF5DC45
4521,462FA163
6475,4575CBC3
1642,1823084C
348,DFA0B109
4968,FA42ED6A
2068,2E04666A
9504,9F66419A
137,573B96D8
4711,977E3A53
2036,63A7079B
7273,29CB3B1F
1183,3E940F1D
1835,1319FBB7
9047,4A116BFA
5463,B1C6C00D
1840,52839A8B
4062,ACD359DF
811,64DDE620
247,BDAB521C
1274,9B162F8C
1653,FA68939C
3329,4D8EC249
8971,E0A2C512
6209,C0D0E2A1
362,F149E86D
3045,0503DB1C
117,A7ABA8F9
9638,BC084FED
598,4962B6FE
8709,99C37C45
140,DACF7666
2490,A14F50A4
7654,2C6D0A2B
3680,0BCA4335
3267,F09F1C95
6616,47498740
4019,854021BA
3858,EF5D1EDC
100,B4B2B853
7631,702117F3
6865,7FC9241A
8554,0EA3EF53
7631,702117F3
6465,D7C8B30C
811,64DDE620
8118,FE173140
1950,D05B0182
5434,0798583E
9260,8D775363
414,FA3A87CA
4253,CFE47DDE
8822,6B221096
8932,46B6B780
5617,4110D3F0
2119,98160967
1554,616D2A2D
5144,EC6A7D50
3711,AC333F89
8936,7F5B0247
4538,C41C3273
9613,8AAD1379
894,9E7C2D7F
1740,29A35BB7
8648,488C05BF
1422,049E80A6
4725,33C614FE
5271,E26103B5
6838,C9D25C80
5993,B9930FC9
6091,C3B3AB0D
6811,9CDB0B3F
4386,5BDE63D0
2287,7065E2E7
2849,0AD01267
9980,6320AECB
3113,FEA2E46B
2910,1D97E0E5
7383,292C27DA
7223,DCB977E8
7968,99DB84D3
9856,0A21C5F0
6524,41E9D5F9
8444,7A4DEAED
8022,602C03BD
7091,AC17B3F9
9176,D2BB240A
7205,7CF3903F
7800,46D72C59
1441,A2B9BAD0
2562,8B5D385B
1915,8192F37A
7390,D5D06EC1
3951,3C2E6BFE
4523,54702264
8244,00927067
6779,92921A01
244,96C2AF27
156,D1E068FB
8656,C55C01FD
8691,8ADD67AE
135,5C96FFE8
318,B0CF1EF7
5434,0798583E
6691,B076AFD9
7474,C3971FFF
9397,16AF5513
3367,8683A4DA
2296,CAFA05FA
4263,5EA2040A
7557,7DBB77B3
7029,02766E5F
4004,F2B4CA9E
5418,76237511
345,AE978DCE
805,D4367D46
3138,D3F8B960
1004,2085E7ED
7682,B8C109CD
5728,918311A0
3539,0EE48BE3
8185,E19684BE
759,57251499
182,D1686710
5007,5EA99103
395,21483F2B
3383,7A551CBA
2806,A868978D
2702,9FD46197
9034,08A09F01
6451,955642AE
2371,471ED79B
7739,15158AD0
7885,0BCAA1B6
3039,D78A28B2
1675,333C7EEC
7776,B887DD25
2745,D322CE30
7840,3A888B09
9325,4EA4FEAE
5399,B3537212
8752,05C87314
2764,E723CF7F
7814,3828D8B7
6786,B64681D4
4235,C161EBAF
3922,17A73ED2
1734,18242569
3123,35CE8866
225,456DA879
5341,F26BAA42
6176,84F9F221
3904,7D892345
561,2536283E
9262,7B24EE91
3581,750E8D6F
7648,3874552D
3924,AF988311
237,AE188D87
9358,18DED2FB
6830,92AE3EB4
4416,6C82EA22
6680,F8E5A90B
8091,13ED0C4F
796,256FA257
5758,2CD930AC
5597,181E6F42
9809,77781FB6
8584,1A604848
3451,7835A1F3
7988,6EAB2144
6482,359FFE04
6310,15E0608F
5305,07DEE6F2
7525,F0DCDDAF
1030,FBFEDD7E
2509,D299EE4F
5412,ECE95051
5911,FABD9A50
7800,46D72C59
652,D5C6D98F
8650,C0E694AD
8337,3CD9E080
569,B59966B6
4045,A7BE5E8F
7175,39A241B4
6042,0C364537
1602,53CE8F9D
2582,0241A5AA
5876,CAFA2327
8075,3DCB3D9E
1036,D478466A
7374,6A246337
4871,E9037B6B
1194,BCFB11BA
3990,616B42C8
2689,1CF878F6
9088,44E757B3
9949,732B46F3
11,71B48FEB
6720,D9C2A6D3
6207,15D1A2B9
4417,C47FE072
3953,C85E5EED
4648,01E5A6C8
3155,B1A72A95
2680,B2BCACB7
2704,571E366B
4855,1C3AF385
8044,606672FD
9262,7B24EE91
8372,D614C6C9
520,B387107A
6517,5CFA536E
3972,FA221C81
578,906E8A19
5724,59D2BA2C
820,EBF9811E
9652,9111E6A9
7118,5A3AD712
2968,33AA0CDA
2932,5AC513CB
1941,C58A0EDC
2216,1C009EAE
7103,1CB09E7F
3000,8EA43D94
862,BDB66A05
4644,7D3943C0
4050,9F2DF33D
7148,4C60AD24
3333,5D1199A6
4255,8E76BBD6
4831,85D2DCB1
6081,3978413B
4814,D4DB66F2
737,BF1207EB
2036,63A7079B
8830,E0819451
7757,0C0C5D93
651,8BEA49C3
1658,1532B1CB
3862,04717341
3655,1EDD2CDB
5823,525D06F3
2221,5BA2D950
2340,4BC5BB92
8002,E29FC63F
1215,1B8837A8
1943,D72046A0
4704,327DC696
467,6D8268E4
8768,70209D55
9322,CF4BC48D
6240,8D927A5B
7929,7C5009CF
2844,E5072A05
4375,C483AACB
2039,E6C1E9A9
7907,D2A0197A
5790,4D4387B0
9512,BAEB0AEB
9965,92C5527F
6218,85252A62
5259,CD03F057
2203,AC26EE31
7647,0E618441
5948,93C05419
7993,93975BB8
6458,90F3775D
5568,1CF0F205
7446,00EC5604
9252,4F6E93BC
5737,149E8B69
2152,D8133431
8210,CB5DD356
742,8C7D0DE9
2024,85B77252
9903,C05321A9
2501,7652A2AD
8536,0A37446D
4613,2F1BAFE8
4165,5C481F3F
9310,C9934EDC
5017,08649160
6963,80C28116
2143,3DC9D641
3007,C6541394
3093,41A935CD
2892,1FCECC1A
8941,00D901A3
8260,414062DF
8132,C72A6E34
5109,161C82A9
6495,71E1EB7E
1072,4653748D
306,1183BC74
8087,4CF47B7C
1438,3625295A
6678,F14989F5
7404,FB56F6EF
7955,4E4E427D
9765,3120C125
256,E0BD9762
9502,EECFAAF9
3508,D9B59DD1
927,AD47DDFF
7330,4E91AD88
4518,679B70E6
4613,2F1BAFE8
8692,EE29C1D7
9964,9B3D84C9
8481,3C18BA9E
7980,CBC482BA
9042,F14746F6
2126,5C09C080
8860,2A4436DB
5562,75E80D5B
4398,646F3BCE
6758,7E60FBE4
954,2598F2D0
870,BFD84FB6
8926,CA488C12
347,933D2AD2
1180,0AC20BAE
7433,5B90E1AD
5835,2AE48B91
4390,3C24EF39
9812,8C4B7DD8
5422,48091131
9487,42F4D643
8514,6AA3C150
106,02304D41
1987,CAEE5CF3
5201,EEC193CB
4369,86497153
7511,9A1FE8CA
5116,AC0B1E7C
398,FC4D60DD
7016,9DD3896F
9448,6FF79CBE
7712,54085128
1662,AC7624C2
9156,A5D375EB
5369,EF7070FC
4220,65C0E766
6863,0C0C5AB3
3228,20A0009E
4015,B4A4F11D
2900,27DF46E0
9918,47500AF7
950,EB7C2453
9794,46263BE7
226,B1E25FBE
226,B1E25FBE
1559,31273D52
9346,FB35524B
9154,BBA75D0C
7329,F3D4AB7E
7739,15158AD0
1794,C6260BB2
8783,B012089B
8241,49057907
2650,F168C9DB
2350,7275BDCE
1013,4C926ED3
6435,9A9238B3
8509,D4C691CF
479,D90FC0BE
7059,1AFA6A24
5697,F07770E2
8725,346D19B3
294,B41F4250
2517,8D5541A4
1923,7187DB8E
4680,1C780490
6978,9D0894B5
5730,BCEF95B6
8752,05C87314
277,EA777134
4341,5437F4B8
1551,24D1D784
9683,861BE438
6336,532EC2B3
260,407D6C16
3994,87BC1D56
4031,03BF9D57
1019,F03E9ECA
8930,9348FA22
9002,8D35E950
7286,F49EE9D4
3673,12D900A4
125,81D2FAC5
181,43862C64
5968,983DBDB2
8938,9AA98896
9698,E7407B99
2297,468B4D6F
3053,9937F00F
7159,8EF6A5F6
1894,755E1A07
8612,810F6BD3
5752,7FEFB5C4
676,EBD78722
4310,4EEBE03F
2948,AAE89D7E
2645,6FD9E79D
9992,618FD2A5
7991,0E11008E
7119,993F1311
5905,EF9C6129
3779,525D758E
5379,BF5016C0
2309,B6F4A244
7923,190D8831
1958,82D4B1D4
2906,99A05C25
5747,91263661
810,ECAAC3D8
6229,3152176B
6508,1CE05492
1733,C7B51731
2142,078D87A2
6486,1BB7F0DF
9540,0EDEA4A8
380,6680BE5D
9003,BB86B432
8307,08930A5F
4027,D23E2467
1314,95B2F923
2303,3F21E194
6888,D158852B
5939,232E9839
2671,7907A630
8193,A5011A4F
2821,ADCC061A
1629,C0A5392B
8091,13ED0C4F
7185,A43A47FD
3887,C4166806
2131,AAF46F8F
9941,0A531DE9
9688,94A5E39C
1619,0991426A
8097,0146927D
7437,5D9801C3
5724,59D2BA2C
6750,6809B59A
8644,335D022A
6073,7F623BA7
9896,80979F3E
1451,B98933B5
6888,D158852B
6908,7F79AD19
7443,3637695B
3747,D0239763
3102,FCFA011E
9907,D1D6BC97
9221,030EF822
4766,0A012BAA
5312,5901D9F1
9465,2DCB5232
3477,63354FE8
9351,61353947
9234,22D5DD79
5720,C80B3B5B
1240,15296911
87,A9E88B9A
2887,242E33F9
9478,99FCCF24
1738,735A486A
5051,17302A01
6646,4A14F9D2
8079,1732E789
3151,515905BF
5455,9A42E6E0
2373,39710125
3311,1AB05175
5763,C86CF0C3
1313,EC39852D
8220,DC2FD4C3
7849,340DDBB5
6716,ADD42C42
5447,D5235140
7786,00A55C2B
4382,BDFAFC87
4745,7F8B02E0
6838,C9D25C80
4354,2D19EF1E
7244,CAC8CBAF
9470,F197E9FE
697,160ED2AB
6975,3C0A07D4
1941,C58A0EDC
5120,AD3B63F9
4740,4FE8A2CE
2378,05C22B8A
6175,A9E39186
9065,C5EE2681
5189,452449A5
2839,B4E1C446
2398,86B691A8
4854,A3E5C90E
9195,1C8D40C2
6182,E4F0F88C
7039,3E3DF97E
9874,F93D0048
5598,D900A065
434,2DAE5FB8
2026,1A54EBC9
5253,247DF518
3821,D5625125
3005,0CE91EF3
5781,112372BF
8191,4B2AE802
2498,0EC134EE
2609,6BB91E85
266,190C5130
5068,2F675C6F
8412,DF939E67
5516,ABF00D65
4399,50583E70
5940,732311F2
8931,BCDFF9B6
735,0E81841E
9794,46263BE7
927,AD47DDFF
7580,96F741CC
5211,E03A5366
1732,563318E2
137,3EBF3F1F
3331,806CDEB5
5214,7BB4EB3C
7254,CEFA5137
4088,BC53521C
9892,24D04E58
8606,CF37ABB5
8974,8CA2C3A7
7035,7C636A4D
2420,50F03672
2599,354DB1BC
3755,5F4A58E3
2192,032E0B10
4886,C305E70B
9055,1ABF2001
2204,4EB7BC05
1276,A83EF386
9804,9E071BD2
1523,7A97D25F
5880,68CA675B
3626,63A45A77
3556,1820849C
5695,3D6F7226
1814,C6EFB5E2
5213,9B413EDB
3264,FFC8DD93
2348,FDF93000
7930,ECC18C29
9205,F731748D
4080,D8E885A7
9755,10096296
8680,18844AC5
3108,2115DD44
3171,24D3DA6B
3039,D78A28B2
9665,49BCF4FC
2076,F8E0995E
5908,3CBE08D0
2625,2D4844D6
1278,D28355E4
3364,C3E00B3E
2515,B96845F6
7595,C42EBE8C
1992,E57B4DB8
7967,ACD0371E
9284,CD0AE204
642,53024479
4384,27021517
8762,BA014BFF
2347,73721F44
207,5D5273A3
8085,EFAC7462
8700,57950CF5
3596,440782CD
5119,9F8884DD
2993,53246B65
4214,32DF7E48
138,D0C72832
4544,9956A9B2
6443,A2449BCF
922,97F5E258
1544,1BA9C7DF
7875,7AA3BC6E
5318,C2756763
1242,6F306009
6280,95600707
4319,D184DAF2
9965,92C5527F
6862,BBD39F78
7450,EFFB8C93
9950,22E5BA93
3487,B4F4E1E6
6926,BEF9C159
5551,9156B4B2
9094,2EE9FD20
6410,DFF7F0E5
1811,084F4C39
9668,DFF35AD0
6790,0FDC4F87
9309,01EBE077
8108,4809BB78
6497,C5FA19BD
2978,87DFB640
204,DDB5F3D3
2004,1D2C0EDC
3838,A90E7EB5
115,337A9B7E
6458,90F3775D
7783,58C7EB98
3374,BF0579E4
3513,E843C33D
8249,DD461DEA
2407,AA89C33B
8358,733D6637
2454,47804001
6055,BC706207
2993,53246B65
4624,0F4499E7
7978,83936024
9420,58A7AE22
3666,4F34C375
6262,4B408E89
2204,4EB7BC05
3817,8C8A08D5
1587,33305538
8675,869098FD
9330,E65A203A
3176,04B9FE06
8573,6A0C95AF
4194,F0E4C736
2588,DA5869AE
3434,90027737
3390,423BABC0
2065,08634E25
5887,1771D059
8828,756A741A
2609,6BB91E85
1505,DFFFBBB9
8990,02085C76
8984,AEFEE772
8526,A3E2A5A0
8879,76A2BC0A
1174,10B51D4D
6960,5DE920AF
2290,6807C03A
7911,A5B32A55
2772,9BD9A637
4040,2AB0FF20
237,AE188D87
5572,33980523
7365,804AD941
5389,471D93FE
8386,1E70AF60
1529,5EF941E9
8708,7129C11C
3668,B0CB58A1
273,9F390C64
5603,BC3DBA9C
9801,F30067C1
5177,762E4047
8406,DFC3D51C
7766,6BD3E800
9060,4D33FDB6
2219,17889064
5774,B26D391C
3352,AC8E95A0
8709,99C37C45
7515,423D85BF
7570,EA52C4F4
6456,841288E4
7940,ECF66AAE
3904,F21A7C1F
1341,EB19BF6D
9039,1A4A4029
1496,46707A75
7731,502A81E6
3575,892D9A79
4853,249388AC
1463,3C945D31
6981,94C9D693
7877,E0625E58
7373,9E9629E0
422,0473A104
2387,78B3ED6D
2336,80EC7B0F
1121,E76061D2
4331,6E16138B
544,593C40BB
9835,DDBA9CCE
2941,CFAFF4EF
3773,1D222E6D
8646,2C614F20
9364,484E47E6
7817,C48AB642
7251,FF58A4F7
6928,4F87D912
633,FFB2AA3F
3656,C2B50E53
3106,601587C6
8567,37FF25B4
1749,7A227191
542,C74838CE
5547,067D191E
5939,232E9839
4169,315EB492
6735,C67C287C
2077,A2BC9041
9553,D72D0081
541,532B8D66
5873,1469B5C2
1384,15ED0FBE
9553,D72D0081
3729,0D806D23
2867,1214B1D2
9896,80979F3E
9014,0F1C4E7E
2079,DE6A0178
6044,E1467F19
6313,E9379C3F
4521,462FA163
2516,E7AB679F
5842,90A9CF0D
3800,587B7F55
4215,988128BA
3372,38D3126C
860,9356292D
9716,1147091B
5038,9DFCEB38
841,49FAD2F2
5730,BCEF95B6
3778,A2F3B531
6112,4DF2E39A
6581,C4C7432B
2714,5642BA94
4084,C6F0E00B
3346,10292A7E
8422,77EB9360
2221,5BA2D950
259,FD20B0AB
6034,D9D50DD8
6898,6110BFC2
9238,26099918
145,44E68B02
3289,6761060C
1790,D4A3C12C
5760,4CA5A77C
3027,D5590A7E
9725,210FFD21
5655,BDEA0263
3116,2B19C622
6422,45AD11EF
196,B28824B8
